{"cameraMode":{"drawMode":0,"name":"Shaded","section":"Shading Mode"},"sceneLighting":false,"audioPlay":false,"sceneViewState":{"m_AlwaysRefresh":false,"showFog":false,"showSkybox":false,"showFlares":false,"showImageEffects":false,"showParticleSystems":false,"showVisualEffectGraphs":true,"m_FxEnabled":true},"in2DMode":false,"pivot":{"x":-0.2396940290927887,"y":1.1666597127914429,"z":-0.041822195053100589},"rotation":{"x":0.009544678963720799,"y":-0.985569953918457,"z":0.059510473161935809,"w":0.1580953150987625},"size":0.6652749180793762,"orthographic":false}