{"cameraMode":{"drawMode":0,"name":"Shaded","section":"Shading Mode"},"sceneLighting":false,"audioPlay":false,"sceneViewState":{"m_AlwaysRefresh":false,"showFog":false,"showSkybox":false,"showFlares":false,"showImageEffects":false,"showParticleSystems":false,"showVisualEffectGraphs":true,"m_FxEnabled":true},"in2DMode":false,"pivot":{"x":0.12174677848815918,"y":-0.17031216621398927,"z":0.40441054105758669},"rotation":{"x":0.0112517811357975,"y":-0.9842493534088135,"z":0.1626860648393631,"w":0.06807567924261093},"size":1.319380521774292,"orthographic":false}